{
  "test_loss": 0.23418596386909485,
  "test_accuracy": 0.9035030007362366,
  "test_auc_keras": 0.9608684778213501,
  "roc_auc": 0.96099310865666,
  "pr_auc": 0.9463046440197236,
  "balanced_accuracy": 0.8863768526385349,
  "class_weights": {
    "0": 0.7881779884149552,
    "1": 1.3675194152581087
  }
}