{
  "epsilon": 0.1,
  "tau_norm": 0.4101167917251587,
  "tau_mi": 0.7338413000106812,
  "lead_mean": [
    -0.002183313393884595,
    -0.0015813075477625817,
    0.0006022793611025676,
    0.0018679014510927018,
    -0.001334648501934793,
    -0.0004619859066707019,
    -0.00014789623133938288,
    -0.0010577450673352837,
    -0.0016647308696107548,
    -0.0013213335421237173,
    -0.0010931531475105796,
    -0.0031406568535279045
  ],
  "lead_std": [
    0.15527700195075214,
    0.15333861906691598,
    0.15268833911971602,
    0.1341185804715448,
    0.13353306075305418,
    0.13171909655893677,
    0.20697670229763038,
    0.302263415831976,
    0.29531499827691554,
    0.270954223021035,
    0.24841835356951367,
    0.29510965097151
  ]
}