{
  "test_loss": 0.318336546421051,
  "test_accuracy": 0.8711169958114624,
  "test_auc": 0.9227678775787354,
  "class_weights": {
    "0": 0.788135593220339,
    "1": 1.3676470588235294
  }
}