{
  "test_loss": 0.318761944770813,
  "test_accuracy": 0.8730998039245605,
  "test_auc_keras": 0.9268611669540405,
  "roc_auc_sklearn": 0.9271046917775889,
  "auprc": 0.9066630439285391,
  "balanced_accuracy": 0.8511866326819597,
  "sensitivity_at_95_specificity": 0.7345454545454545,
  "threshold_at_95_specificity": 0.6501919031143188,
  "auc_ci_95": [
    0.9149241836188892,
    0.9386643048221657
  ],
  "accuracy_ci_95": [
    0.8552544613350959,
    0.8896728354263054
  ],
  "class_weights": {
    "0": 0.7881779884149552,
    "1": 1.3675194152581087
  }
}